,True Label,Predicted Label
0,Delegate Agency,Delegate Agency
1,Delegate Agency,Delegate Agency
2,Delegate Agency,Delegate Agency
3,Delegate Agency,Delegate Agency
4,Delegate Agency,Delegate Agency
5,Delegate Agency,Delegate Agency
6,Delegate Agency,Delegate Agency
7,Delegate Agency,Delegate Agency
8,Delegate Agency,Delegate Agency
9,Delegate Agency,Delegate Agency
10,Delegate Agency,Delegate Agency
11,Delegate Agency,Delegate Agency
12,Delegate Agency,Delegate Agency
13,Delegate Agency,Delegate Agency
14,Delegate Agency,Delegate Agency
15,Delegate Agency,Delegate Agency
16,Delegate Agency,Delegate Agency
17,Delegate Agency,Delegate Agency
18,Delegate Agency,Delegate Agency
19,Delegate Agency,Delegate Agency
20,Delegate Agency,Delegate Agency
21,Delegate Agency,Delegate Agency
22,Delegate Agency,Delegate Agency
23,Delegate Agency,Delegate Agency
24,Delegate Agency,Delegate Agency
25,Delegate Agency,Delegate Agency
26,Delegate Agency,Delegate Agency
27,Delegate Agency,Professional Services
28,Delegate Agency,Delegate Agency
29,Delegate Agency,Delegate Agency
30,Delegate Agency,Delegate Agency
31,Delegate Agency,Delegate Agency
32,Delegate Agency,Delegate Agency
33,Delegate Agency,Delegate Agency
34,Delegate Agency,Delegate Agency
35,Delegate Agency,Delegate Agency
36,Delegate Agency,Delegate Agency
37,Delegate Agency,Delegate Agency
38,Delegate Agency,Delegate Agency
39,Delegate Agency,Delegate Agency
40,Delegate Agency,Professional Services
41,Delegate Agency,Delegate Agency
42,Delegate Agency,Delegate Agency
43,Delegate Agency,Delegate Agency
44,Delegate Agency,Delegate Agency
45,Delegate Agency,Delegate Agency
46,Delegate Agency,Delegate Agency
47,Delegate Agency,Delegate Agency
48,Delegate Agency,Delegate Agency
49,Delegate Agency,Delegate Agency
50,Delegate Agency,Delegate Agency
51,Delegate Agency,Delegate Agency
52,Delegate Agency,Delegate Agency
53,Delegate Agency,Delegate Agency
54,Delegate Agency,Delegate Agency
55,Delegate Agency,Delegate Agency
56,Delegate Agency,Delegate Agency
57,Delegate Agency,Delegate Agency
58,Delegate Agency,Delegate Agency
59,Delegate Agency,Delegate Agency
60,Delegate Agency,Delegate Agency
61,Delegate Agency,Delegate Agency
62,Delegate Agency,Delegate Agency
63,Delegate Agency,Delegate Agency
64,Delegate Agency,Delegate Agency
65,Delegate Agency,Delegate Agency
66,Delegate Agency,Delegate Agency
67,Delegate Agency,Delegate Agency
68,Delegate Agency,Delegate Agency
69,Delegate Agency,Delegate Agency
70,Delegate Agency,Delegate Agency
71,Delegate Agency,Delegate Agency
72,Delegate Agency,Delegate Agency
73,Delegate Agency,Delegate Agency
74,Delegate Agency,Delegate Agency
75,Delegate Agency,Delegate Agency
76,Delegate Agency,Delegate Agency
77,Delegate Agency,Delegate Agency
78,Delegate Agency,Delegate Agency
79,Delegate Agency,Delegate Agency
80,Delegate Agency,Delegate Agency
81,Delegate Agency,Delegate Agency
82,Delegate Agency,Delegate Agency
83,Delegate Agency,Delegate Agency
84,Delegate Agency,Delegate Agency
85,Delegate Agency,Delegate Agency
86,Delegate Agency,Delegate Agency
87,Delegate Agency,Delegate Agency
88,Delegate Agency,Delegate Agency
89,Delegate Agency,Delegate Agency
90,Delegate Agency,Architectural Engineering
91,Delegate Agency,Delegate Agency
92,Delegate Agency,Delegate Agency
93,Delegate Agency,Delegate Agency
94,Delegate Agency,Delegate Agency
95,Delegate Agency,Delegate Agency
96,Delegate Agency,Delegate Agency
97,Delegate Agency,Delegate Agency
98,Delegate Agency,Delegate Agency
99,Delegate Agency,Delegate Agency
100,Delegate Agency,Delegate Agency
101,Delegate Agency,Delegate Agency
102,Delegate Agency,Delegate Agency
103,Delegate Agency,Delegate Agency
104,Delegate Agency,Delegate Agency
105,Delegate Agency,Delegate Agency
106,Delegate Agency,Delegate Agency
107,Delegate Agency,Delegate Agency
108,Delegate Agency,Delegate Agency
109,Delegate Agency,Delegate Agency
110,Delegate Agency,Delegate Agency
111,Delegate Agency,Delegate Agency
112,Delegate Agency,Delegate Agency
113,Delegate Agency,Delegate Agency
114,Delegate Agency,Delegate Agency
115,Delegate Agency,Delegate Agency
116,Delegate Agency,Delegate Agency
117,Delegate Agency,Delegate Agency
118,Delegate Agency,Delegate Agency
119,Delegate Agency,Delegate Agency
120,Delegate Agency,Delegate Agency
121,Delegate Agency,Delegate Agency
122,Delegate Agency,Delegate Agency
123,Delegate Agency,Delegate Agency
124,Delegate Agency,Delegate Agency
125,Delegate Agency,Delegate Agency
126,Delegate Agency,Delegate Agency
127,Delegate Agency,Delegate Agency
128,Delegate Agency,Delegate Agency
129,Delegate Agency,Delegate Agency
130,Delegate Agency,Delegate Agency
131,Delegate Agency,Delegate Agency
132,Delegate Agency,Delegate Agency
133,Delegate Agency,Delegate Agency
134,Delegate Agency,Delegate Agency
135,Delegate Agency,Delegate Agency
136,Delegate Agency,Professional Services
137,Delegate Agency,Delegate Agency
138,Delegate Agency,Architectural Engineering
139,Delegate Agency,Delegate Agency
140,Delegate Agency,Delegate Agency
141,Delegate Agency,Delegate Agency
142,Delegate Agency,Delegate Agency
143,Delegate Agency,Delegate Agency
144,Delegate Agency,Comptroller
145,Delegate Agency,Delegate Agency
146,Delegate Agency,Delegate Agency
147,Delegate Agency,Delegate Agency
148,Delegate Agency,Delegate Agency
149,Delegate Agency,Delegate Agency
150,Architectural Engineering,Architectural Engineering
151,Architectural Engineering,Architectural Engineering
152,Architectural Engineering,Architectural Engineering
153,Architectural Engineering,Professional Services
154,Architectural Engineering,Commodities
155,Architectural Engineering,Architectural Engineering
156,Architectural Engineering,Architectural Engineering
157,Architectural Engineering,Architectural Engineering
158,Architectural Engineering,Architectural Engineering
159,Architectural Engineering,Architectural Engineering
160,Architectural Engineering,Architectural Engineering
161,Architectural Engineering,Architectural Engineering
162,Architectural Engineering,Architectural Engineering
163,Architectural Engineering,Architectural Engineering
164,Architectural Engineering,Architectural Engineering
165,Architectural Engineering,Architectural Engineering
166,Architectural Engineering,Professional Services
167,Architectural Engineering,Architectural Engineering
168,Architectural Engineering,Architectural Engineering
169,Architectural Engineering,Architectural Engineering
170,Architectural Engineering,Architectural Engineering
171,Architectural Engineering,Architectural Engineering
172,Architectural Engineering,Architectural Engineering
173,Architectural Engineering,Professional Services
174,Architectural Engineering,Professional Services
175,Architectural Engineering,Architectural Engineering
176,Architectural Engineering,Architectural Engineering
177,Architectural Engineering,Professional Services
178,Architectural Engineering,Architectural Engineering
179,Architectural Engineering,Architectural Engineering
180,Architectural Engineering,Architectural Engineering
181,Architectural Engineering,Architectural Engineering
182,Architectural Engineering,Architectural Engineering
183,Architectural Engineering,Architectural Engineering
184,Architectural Engineering,Architectural Engineering
185,Architectural Engineering,Professional Services
186,Architectural Engineering,Professional Services
187,Architectural Engineering,Architectural Engineering
188,Architectural Engineering,Architectural Engineering
189,Architectural Engineering,Architectural Engineering
190,Architectural Engineering,Architectural Engineering
191,Architectural Engineering,Architectural Engineering
192,Architectural Engineering,Professional Services
193,Architectural Engineering,Professional Services
194,Architectural Engineering,Architectural Engineering
195,Architectural Engineering,Professional Services
196,Architectural Engineering,Architectural Engineering
197,Architectural Engineering,Architectural Engineering
198,Architectural Engineering,Architectural Engineering
199,Architectural Engineering,Architectural Engineering
200,Architectural Engineering,Professional Services
201,Architectural Engineering,Architectural Engineering
202,Architectural Engineering,Architectural Engineering
203,Architectural Engineering,Architectural Engineering
204,Architectural Engineering,Architectural Engineering
205,Architectural Engineering,Professional Services
206,Architectural Engineering,Architectural Engineering
207,Architectural Engineering,Architectural Engineering
208,Architectural Engineering,Architectural Engineering
209,Architectural Engineering,Professional Services
210,Architectural Engineering,Architectural Engineering
211,Architectural Engineering,Architectural Engineering
212,Architectural Engineering,Architectural Engineering
213,Architectural Engineering,Architectural Engineering
214,Architectural Engineering,Architectural Engineering
215,Architectural Engineering,Architectural Engineering
216,Architectural Engineering,Architectural Engineering
217,Architectural Engineering,Architectural Engineering
218,Architectural Engineering,Architectural Engineering
219,Architectural Engineering,Architectural Engineering
220,Architectural Engineering,Architectural Engineering
221,Architectural Engineering,Architectural Engineering
222,Architectural Engineering,Architectural Engineering
223,Architectural Engineering,Architectural Engineering
224,Architectural Engineering,Professional Services
225,Architectural Engineering,Architectural Engineering
226,Architectural Engineering,Architectural Engineering
227,Architectural Engineering,Architectural Engineering
228,Architectural Engineering,Comptroller
229,Architectural Engineering,Architectural Engineering
230,Architectural Engineering,Architectural Engineering
231,Architectural Engineering,Architectural Engineering
232,Architectural Engineering,Architectural Engineering
233,Architectural Engineering,Architectural Engineering
234,Architectural Engineering,Architectural Engineering
235,Architectural Engineering,Architectural Engineering
236,Architectural Engineering,Architectural Engineering
237,Architectural Engineering,Architectural Engineering
238,Architectural Engineering,Architectural Engineering
239,Architectural Engineering,Architectural Engineering
240,Architectural Engineering,Architectural Engineering
241,Architectural Engineering,Architectural Engineering
242,Architectural Engineering,Architectural Engineering
243,Architectural Engineering,Architectural Engineering
244,Architectural Engineering,Professional Services
245,Architectural Engineering,Professional Services
246,Architectural Engineering,Architectural Engineering
247,Architectural Engineering,Architectural Engineering
248,Architectural Engineering,Architectural Engineering
249,Architectural Engineering,Architectural Engineering
250,Architectural Engineering,Architectural Engineering
251,Architectural Engineering,Architectural Engineering
252,Architectural Engineering,Architectural Engineering
253,Architectural Engineering,Architectural Engineering
254,Architectural Engineering,Architectural Engineering
255,Architectural Engineering,Architectural Engineering
256,Architectural Engineering,Architectural Engineering
257,Architectural Engineering,Architectural Engineering
258,Architectural Engineering,Architectural Engineering
259,Architectural Engineering,Architectural Engineering
260,Architectural Engineering,Architectural Engineering
261,Architectural Engineering,Architectural Engineering
262,Architectural Engineering,Architectural Engineering
263,Architectural Engineering,Architectural Engineering
264,Architectural Engineering,Architectural Engineering
265,Architectural Engineering,Architectural Engineering
266,Architectural Engineering,Architectural Engineering
267,Architectural Engineering,Architectural Engineering
268,Architectural Engineering,Architectural Engineering
269,Architectural Engineering,Architectural Engineering
270,Architectural Engineering,Architectural Engineering
271,Architectural Engineering,Architectural Engineering
272,Architectural Engineering,Architectural Engineering
273,Architectural Engineering,Architectural Engineering
274,Architectural Engineering,Architectural Engineering
275,Architectural Engineering,Architectural Engineering
276,Architectural Engineering,Architectural Engineering
277,Architectural Engineering,Architectural Engineering
278,Architectural Engineering,Professional Services
279,Architectural Engineering,Architectural Engineering
280,Architectural Engineering,Architectural Engineering
281,Architectural Engineering,Architectural Engineering
282,Architectural Engineering,Architectural Engineering
283,Architectural Engineering,Architectural Engineering
284,Architectural Engineering,Architectural Engineering
285,Architectural Engineering,Architectural Engineering
286,Architectural Engineering,Architectural Engineering
287,Architectural Engineering,Architectural Engineering
288,Architectural Engineering,Architectural Engineering
289,Architectural Engineering,Architectural Engineering
290,Architectural Engineering,Architectural Engineering
291,Architectural Engineering,Architectural Engineering
292,Architectural Engineering,Architectural Engineering
293,Architectural Engineering,Architectural Engineering
294,Architectural Engineering,Architectural Engineering
295,Architectural Engineering,Architectural Engineering
296,Architectural Engineering,Architectural Engineering
297,Architectural Engineering,Architectural Engineering
298,Architectural Engineering,Architectural Engineering
299,Architectural Engineering,Architectural Engineering
300,Professional Services,Architectural Engineering
301,Professional Services,Professional Services
302,Professional Services,Professional Services
303,Professional Services,Professional Services
304,Professional Services,Professional Services
305,Professional Services,Professional Services
306,Professional Services,Professional Services
307,Professional Services,Professional Services
308,Professional Services,Professional Services
309,Professional Services,Commodities
310,Professional Services,Professional Services
311,Professional Services,Professional Services
312,Professional Services,Professional Services
313,Professional Services,Architectural Engineering
314,Professional Services,Professional Services
315,Professional Services,Architectural Engineering
316,Professional Services,Professional Services
317,Professional Services,Professional Services
318,Professional Services,Professional Services
319,Professional Services,Architectural Engineering
320,Professional Services,Professional Services
321,Professional Services,Commodities
322,Professional Services,Professional Services
323,Professional Services,Professional Services
324,Professional Services,Professional Services
325,Professional Services,Professional Services
326,Professional Services,Architectural Engineering
327,Professional Services,Professional Services
328,Professional Services,Professional Services
329,Professional Services,Professional Services
330,Professional Services,Professional Services
331,Professional Services,Professional Services
332,Professional Services,Professional Services
333,Professional Services,Professional Services
334,Professional Services,Professional Services
335,Professional Services,Professional Services
336,Professional Services,Professional Services
337,Professional Services,Professional Services
338,Professional Services,Professional Services
339,Professional Services,Professional Services
340,Professional Services,Professional Services
341,Professional Services,Professional Services
342,Professional Services,Professional Services
343,Professional Services,Professional Services
344,Professional Services,Professional Services
345,Professional Services,Professional Services
346,Professional Services,Professional Services
347,Professional Services,Architectural Engineering
348,Professional Services,Professional Services
349,Professional Services,Professional Services
350,Professional Services,Professional Services
351,Professional Services,Professional Services
352,Professional Services,Professional Services
353,Professional Services,Professional Services
354,Professional Services,Professional Services
355,Professional Services,Professional Services
356,Professional Services,Professional Services
357,Professional Services,Commodities
358,Professional Services,Professional Services
359,Professional Services,Professional Services
360,Professional Services,Architectural Engineering
361,Professional Services,Professional Services
362,Professional Services,Architectural Engineering
363,Professional Services,Professional Services
364,Professional Services,Professional Services
365,Professional Services,Professional Services
366,Professional Services,Professional Services
367,Professional Services,Professional Services
368,Professional Services,Architectural Engineering
369,Professional Services,Professional Services
370,Professional Services,Professional Services
371,Professional Services,Professional Services
372,Professional Services,Professional Services
373,Professional Services,Comptroller
374,Professional Services,Professional Services
375,Professional Services,Professional Services
376,Professional Services,Professional Services
377,Professional Services,Professional Services
378,Professional Services,Professional Services
379,Professional Services,Professional Services
380,Professional Services,Professional Services
381,Professional Services,Professional Services
382,Professional Services,Professional Services
383,Professional Services,Professional Services
384,Professional Services,Professional Services
385,Professional Services,Professional Services
386,Professional Services,Professional Services
387,Professional Services,Professional Services
388,Professional Services,Architectural Engineering
389,Professional Services,Professional Services
390,Professional Services,Professional Services
391,Professional Services,Professional Services
392,Professional Services,Professional Services
393,Professional Services,Professional Services
394,Professional Services,Professional Services
395,Professional Services,Architectural Engineering
396,Professional Services,Professional Services
397,Professional Services,Professional Services
398,Professional Services,Professional Services
399,Professional Services,Professional Services
400,Professional Services,Delegate Agency
401,Professional Services,Professional Services
402,Professional Services,Professional Services
403,Professional Services,Professional Services
404,Professional Services,Professional Services
405,Professional Services,Professional Services
406,Professional Services,Professional Services
407,Professional Services,Professional Services
408,Professional Services,Professional Services
409,Professional Services,Professional Services
410,Professional Services,Professional Services
411,Professional Services,Professional Services
412,Professional Services,Architectural Engineering
413,Professional Services,Professional Services
414,Professional Services,Professional Services
415,Professional Services,Professional Services
416,Professional Services,Professional Services
417,Professional Services,Professional Services
418,Professional Services,Architectural Engineering
419,Professional Services,Professional Services
420,Professional Services,Professional Services
421,Professional Services,Professional Services
422,Professional Services,Professional Services
423,Professional Services,Professional Services
424,Professional Services,Architectural Engineering
425,Professional Services,Professional Services
426,Professional Services,Professional Services
427,Professional Services,Professional Services
428,Professional Services,Professional Services
429,Professional Services,Professional Services
430,Professional Services,Professional Services
431,Professional Services,Professional Services
432,Professional Services,Architectural Engineering
433,Professional Services,Professional Services
434,Professional Services,Professional Services
435,Professional Services,Professional Services
436,Professional Services,Professional Services
437,Professional Services,Professional Services
438,Professional Services,Professional Services
439,Professional Services,Professional Services
440,Professional Services,Professional Services
441,Professional Services,Professional Services
442,Professional Services,Professional Services
443,Professional Services,Construction
444,Professional Services,Professional Services
445,Professional Services,Professional Services
446,Professional Services,Professional Services
447,Professional Services,Professional Services
448,Professional Services,Professional Services
449,Professional Services,Professional Services
450,Commodities,Commodities
451,Commodities,Commodities
452,Commodities,Professional Services
453,Commodities,Commodities
454,Commodities,Commodities
455,Commodities,Commodities
456,Commodities,Commodities
457,Commodities,Construction
458,Commodities,Professional Services
459,Commodities,Commodities
460,Commodities,Commodities
461,Commodities,Commodities
462,Commodities,Commodities
463,Commodities,Professional Services
464,Commodities,Commodities
465,Commodities,Commodities
466,Commodities,Commodities
467,Commodities,Commodities
468,Commodities,Commodities
469,Commodities,Commodities
470,Commodities,Commodities
471,Commodities,Commodities
472,Commodities,Professional Services
473,Commodities,Professional Services
474,Commodities,Commodities
475,Commodities,Commodities
476,Commodities,Commodities
477,Commodities,Commodities
478,Commodities,Commodities
479,Commodities,Professional Services
480,Commodities,Commodities
481,Commodities,Commodities
482,Commodities,Professional Services
483,Commodities,Commodities
484,Commodities,Professional Services
485,Commodities,Commodities
486,Commodities,Commodities
487,Commodities,Commodities
488,Commodities,Commodities
489,Commodities,Commodities
490,Commodities,Commodities
491,Commodities,Professional Services
492,Commodities,Professional Services
493,Commodities,Commodities
494,Commodities,Professional Services
495,Commodities,Commodities
496,Commodities,Construction
497,Commodities,Professional Services
498,Commodities,Commodities
499,Commodities,Professional Services
500,Commodities,Commodities
501,Commodities,Construction
502,Commodities,Professional Services
503,Commodities,Commodities
504,Commodities,Commodities
505,Commodities,Commodities
506,Commodities,Professional Services
507,Commodities,Commodities
508,Commodities,Construction
509,Commodities,Commodities
510,Commodities,Commodities
511,Commodities,Commodities
512,Commodities,Commodities
513,Commodities,Professional Services
514,Commodities,Commodities
515,Commodities,Commodities
516,Commodities,Commodities
517,Commodities,Commodities
518,Commodities,Commodities
519,Commodities,Construction
520,Commodities,Professional Services
521,Commodities,Commodities
522,Commodities,Professional Services
523,Commodities,Commodities
524,Commodities,Commodities
525,Commodities,Commodities
526,Commodities,Commodities
527,Commodities,Commodities
528,Commodities,Commodities
529,Commodities,Commodities
530,Commodities,Construction
531,Commodities,Commodities
532,Commodities,Professional Services
533,Commodities,Commodities
534,Commodities,Construction
535,Commodities,Professional Services
536,Commodities,Commodities
537,Commodities,Commodities
538,Commodities,Commodities
539,Commodities,Commodities
540,Commodities,Commodities
541,Commodities,Commodities
542,Commodities,Professional Services
543,Commodities,Commodities
544,Commodities,Commodities
545,Commodities,Professional Services
546,Commodities,Construction
547,Commodities,Commodities
548,Commodities,Commodities
549,Commodities,Architectural Engineering
550,Commodities,Commodities
551,Commodities,Professional Services
552,Commodities,Commodities
553,Commodities,Commodities
554,Commodities,Commodities
555,Commodities,Professional Services
556,Commodities,Professional Services
557,Commodities,Commodities
558,Commodities,Comptroller
559,Commodities,Construction
560,Commodities,Professional Services
561,Commodities,Commodities
562,Commodities,Commodities
563,Commodities,Commodities
564,Commodities,Commodities
565,Commodities,Construction
566,Commodities,Commodities
567,Commodities,Professional Services
568,Commodities,Professional Services
569,Commodities,Commodities
570,Commodities,Commodities
571,Commodities,Commodities
572,Commodities,Construction
573,Commodities,Commodities
574,Commodities,Professional Services
575,Commodities,Commodities
576,Commodities,Commodities
577,Commodities,Commodities
578,Commodities,Commodities
579,Commodities,Commodities
580,Commodities,Commodities
581,Commodities,Professional Services
582,Commodities,Comptroller
583,Commodities,Commodities
584,Commodities,Commodities
585,Commodities,Commodities
586,Commodities,Commodities
587,Commodities,Architectural Engineering
588,Commodities,Commodities
589,Commodities,Professional Services
590,Commodities,Professional Services
591,Commodities,Commodities
592,Commodities,Commodities
593,Commodities,Commodities
594,Commodities,Commodities
595,Commodities,Commodities
596,Commodities,Commodities
597,Commodities,Professional Services
598,Commodities,Commodities
599,Commodities,Commodities
600,Comptroller,Comptroller
601,Comptroller,Comptroller
602,Comptroller,Comptroller
603,Comptroller,Comptroller
604,Comptroller,Comptroller
605,Comptroller,Comptroller
606,Comptroller,Comptroller
607,Comptroller,Comptroller
608,Comptroller,Comptroller
609,Comptroller,Professional Services
610,Comptroller,Comptroller
611,Comptroller,Comptroller
612,Comptroller,Comptroller
613,Comptroller,Comptroller
614,Comptroller,Comptroller
615,Comptroller,Comptroller
616,Comptroller,Comptroller
617,Comptroller,Comptroller
618,Comptroller,Comptroller
619,Comptroller,Comptroller
620,Comptroller,Comptroller
621,Comptroller,Comptroller
622,Comptroller,Comptroller
623,Comptroller,Comptroller
624,Comptroller,Comptroller
625,Comptroller,Comptroller
626,Comptroller,Comptroller
627,Comptroller,Comptroller
628,Comptroller,Comptroller
629,Comptroller,Comptroller
630,Comptroller,Comptroller
631,Comptroller,Comptroller
632,Comptroller,Comptroller
633,Comptroller,Delegate Agency
634,Comptroller,Professional Services
635,Comptroller,Comptroller
636,Comptroller,Comptroller
637,Comptroller,Comptroller
638,Comptroller,Comptroller
639,Comptroller,Comptroller
640,Comptroller,Professional Services
641,Comptroller,Comptroller
642,Comptroller,Comptroller
643,Comptroller,Comptroller
644,Comptroller,Comptroller
645,Comptroller,Comptroller
646,Comptroller,Comptroller
647,Comptroller,Comptroller
648,Comptroller,Comptroller
649,Comptroller,Comptroller
650,Comptroller,Professional Services
651,Comptroller,Architectural Engineering
652,Comptroller,Comptroller
653,Comptroller,Comptroller
654,Comptroller,Comptroller
655,Comptroller,Comptroller
656,Comptroller,Delegate Agency
657,Comptroller,Comptroller
658,Comptroller,Comptroller
659,Comptroller,Comptroller
660,Comptroller,Comptroller
661,Comptroller,Comptroller
662,Comptroller,Comptroller
663,Comptroller,Comptroller
664,Comptroller,Professional Services
665,Comptroller,Comptroller
666,Comptroller,Comptroller
667,Comptroller,Comptroller
668,Comptroller,Comptroller
669,Comptroller,Comptroller
670,Comptroller,Comptroller
671,Comptroller,Comptroller
672,Comptroller,Comptroller
673,Comptroller,Comptroller
674,Comptroller,Comptroller
675,Comptroller,Comptroller
676,Comptroller,Comptroller
677,Comptroller,Comptroller
678,Comptroller,Comptroller
679,Comptroller,Comptroller
680,Comptroller,Comptroller
681,Comptroller,Comptroller
682,Comptroller,Comptroller
683,Comptroller,Comptroller
684,Comptroller,Comptroller
685,Comptroller,Comptroller
686,Comptroller,Comptroller
687,Comptroller,Comptroller
688,Comptroller,Professional Services
689,Comptroller,Delegate Agency
690,Comptroller,Comptroller
691,Comptroller,Comptroller
692,Comptroller,Comptroller
693,Comptroller,Comptroller
694,Comptroller,Comptroller
695,Comptroller,Professional Services
696,Comptroller,Comptroller
697,Comptroller,Architectural Engineering
698,Comptroller,Comptroller
699,Comptroller,Professional Services
700,Comptroller,Comptroller
701,Comptroller,Comptroller
702,Comptroller,Comptroller
703,Comptroller,Professional Services
704,Comptroller,Professional Services
705,Comptroller,Architectural Engineering
706,Comptroller,Comptroller
707,Comptroller,Comptroller
708,Comptroller,Comptroller
709,Comptroller,Comptroller
710,Comptroller,Comptroller
711,Comptroller,Comptroller
712,Comptroller,Comptroller
713,Comptroller,Comptroller
714,Comptroller,Comptroller
715,Comptroller,Comptroller
716,Comptroller,Delegate Agency
717,Comptroller,Comptroller
718,Comptroller,Professional Services
719,Comptroller,Comptroller
720,Comptroller,Comptroller
721,Comptroller,Comptroller
722,Comptroller,Comptroller
723,Comptroller,Professional Services
724,Comptroller,Comptroller
725,Comptroller,Comptroller
726,Comptroller,Comptroller
727,Comptroller,Comptroller
728,Comptroller,Comptroller
729,Comptroller,Comptroller
730,Comptroller,Comptroller
731,Comptroller,Comptroller
732,Comptroller,Comptroller
733,Comptroller,Delegate Agency
734,Comptroller,Comptroller
735,Comptroller,Comptroller
736,Comptroller,Comptroller
737,Comptroller,Comptroller
738,Comptroller,Professional Services
739,Comptroller,Comptroller
740,Comptroller,Comptroller
741,Comptroller,Delegate Agency
742,Comptroller,Comptroller
743,Comptroller,Comptroller
744,Comptroller,Architectural Engineering
745,Comptroller,Comptroller
746,Comptroller,Comptroller
747,Comptroller,Comptroller
748,Comptroller,Comptroller
749,Comptroller,Comptroller
750,Construction,Construction
751,Construction,Construction
752,Construction,Construction
753,Construction,Construction
754,Construction,Construction
755,Construction,Construction
756,Construction,Construction
757,Construction,Construction
758,Construction,Construction
759,Construction,Construction
760,Construction,Construction
761,Construction,Construction
762,Construction,Construction
763,Construction,Construction
764,Construction,Construction
765,Construction,Construction
766,Construction,Construction
767,Construction,Construction
768,Construction,Construction
769,Construction,Construction
770,Construction,Construction
771,Construction,Construction
772,Construction,Construction
773,Construction,Construction
774,Construction,Construction
775,Construction,Construction
776,Construction,Construction
777,Construction,Construction
778,Construction,Construction
779,Construction,Construction
780,Construction,Construction
781,Construction,Construction
782,Construction,Construction
783,Construction,Construction
784,Construction,Construction
785,Construction,Construction
786,Construction,Construction
787,Construction,Construction
788,Construction,Construction
789,Construction,Construction
790,Construction,Construction
791,Construction,Construction
792,Construction,Construction
793,Construction,Construction
794,Construction,Construction
795,Construction,Construction
796,Construction,Construction
797,Construction,Construction
798,Construction,Construction
799,Construction,Construction
800,Construction,Construction
801,Construction,Construction
802,Construction,Construction
803,Construction,Construction
804,Construction,Construction
805,Construction,Construction
806,Construction,Construction
807,Construction,Construction
808,Construction,Construction
809,Construction,Construction
810,Construction,Construction
811,Construction,Construction
812,Construction,Construction
813,Construction,Construction
814,Construction,Construction
815,Construction,Construction
816,Construction,Construction
817,Construction,Construction
818,Construction,Construction
819,Construction,Construction
820,Construction,Construction
821,Construction,Construction
822,Construction,Construction
823,Construction,Construction
824,Construction,Construction
825,Construction,Construction
826,Construction,Construction
827,Construction,Construction
828,Construction,Construction
829,Construction,Construction
830,Construction,Construction
831,Construction,Construction
832,Construction,Construction
833,Construction,Construction
834,Construction,Construction
835,Construction,Construction
836,Construction,Construction
837,Construction,Construction
838,Construction,Construction
839,Construction,Construction
840,Construction,Professional Services
841,Construction,Professional Services
842,Construction,Architectural Engineering
843,Construction,Construction
844,Construction,Construction
845,Construction,Construction
846,Construction,Construction
847,Construction,Construction
848,Construction,Construction
849,Construction,Construction
850,Construction,Construction
851,Construction,Construction
852,Construction,Construction
853,Construction,Construction
854,Construction,Construction
855,Construction,Construction
856,Construction,Construction
857,Construction,Construction
858,Construction,Construction
859,Construction,Construction
860,Construction,Construction
861,Construction,Construction
862,Construction,Construction
863,Construction,Construction
864,Construction,Construction
865,Construction,Construction
866,Construction,Construction
867,Construction,Construction
868,Construction,Construction
869,Construction,Architectural Engineering
870,Construction,Construction
871,Construction,Construction
872,Construction,Construction
873,Construction,Construction
874,Construction,Construction
875,Construction,Construction
876,Construction,Construction
877,Construction,Construction
878,Construction,Construction
879,Construction,Construction
880,Construction,Construction
881,Construction,Construction
882,Construction,Construction
883,Construction,Construction
884,Construction,Construction
885,Construction,Construction
886,Construction,Construction
887,Construction,Construction
888,Construction,Construction
889,Construction,Professional Services
890,Construction,Construction
891,Construction,Construction
892,Construction,Architectural Engineering
893,Construction,Construction
894,Construction,Construction
895,Construction,Commodities
896,Construction,Construction
897,Construction,Construction
898,Construction,Construction
899,Construction,Construction
